{
  "parent": "item/generated",
  "textures": {
    "layer0": "item/iron_nugget"
  },
  "overrides": [
    { "predicate": { "custom_model_data": 1 }, "model": "item/orbs/1" },
    { "predicate": { "custom_model_data": 2 }, "model": "item/orbs/2" },
    { "predicate": { "custom_model_data": 3 }, "model": "item/orbs/3" },
    { "predicate": { "custom_model_data": 4 }, "model": "item/orbs/4" },
    { "predicate": { "custom_model_data": 5 }, "model": "item/orbs/5" },
    { "predicate": { "custom_model_data": 6 }, "model": "item/orbs/6" },
    { "predicate": { "custom_model_data": 7 }, "model": "item/orbs/7" },
    { "predicate": { "custom_model_data": 8 }, "model": "item/orbs/8" },
    { "predicate": { "custom_model_data": 9 }, "model": "item/orbs/9" },
    { "predicate": { "custom_model_data": 10 }, "model": "item/orbs/10" }
  ]
}
