{
  "parent": "item/generated",
  "textures": {
    "layer0": "item/paper"
  },
  "overrides": [
    { "predicate": { "custom_model_data": 1 }, "model": "item/fish/gui/01" },
    { "predicate": { "custom_model_data": 2 }, "model": "item/fish/gui/02" },
    { "predicate": { "custom_model_data": 3 }, "model": "item/fish/gui/03" },
    { "predicate": { "custom_model_data": 4 }, "model": "item/fish/gui/04" },
    { "predicate": { "custom_model_data": 5 }, "model": "item/fish/gui/05" },
    { "predicate": { "custom_model_data": 6 }, "model": "item/fish/gui/06" },
    { "predicate": { "custom_model_data": 7 }, "model": "item/fish/gui/01l" },
    { "predicate": { "custom_model_data": 8 }, "model": "item/fish/gui/03r" },
    { "predicate": { "custom_model_data": 9 }, "model": "item/fish/gui/07" },
    { "predicate": { "custom_model_data": 10 }, "model": "item/fish/gui/01x" },
    { "predicate": { "custom_model_data": 11 }, "model": "item/fish/gui/01lx" },
	{ "predicate": { "custom_model_data": 12 }, "model": "item/Dungeongui/1" },
	{ "predicate": { "custom_model_data": 13 }, "model": "item/Dungeongui/2" },
	{ "predicate": { "custom_model_data": 14 }, "model": "item/Dungeongui/3" },
	{ "predicate": { "custom_model_data": 15 }, "model": "item/Dungeongui/4" },
	{ "predicate": { "custom_model_data": 16 }, "model": "item/Dungeongui/5" },
	{ "predicate": { "custom_model_data": 17 }, "model": "item/Dungeongui/6" },
	{ "predicate": { "custom_model_data": 18 }, "model": "item/Dungeongui/7" },
	{ "predicate": { "custom_model_data": 19 }, "model": "item/Dungeongui/8" },
	{ "predicate": { "custom_model_data": 20 }, "model": "item/Dungeongui/9" },
	{ "predicate": { "custom_model_data": 21 }, "model": "item/Dungeongui/10" }
  ]
}
