{
  "parent": "item/generated",
  "textures": {
    "layer0": "item/pufferfish"
  },
  "overrides": [
    { "predicate": { "custom_model_data": 1 }, "model": "item/fish/fishbo/1" },
    { "predicate": { "custom_model_data": 2 }, "model": "item/fish/fishbo/2" },
    { "predicate": { "custom_model_data": 3 }, "model": "item/fish/fishbo/3" },
    { "predicate": { "custom_model_data": 4 }, "model": "item/fish/fishbo/4" },
    { "predicate": { "custom_model_data": 5 }, "model": "item/fish/fishbo/5" },
    { "predicate": { "custom_model_data": 6 }, "model": "item/fish/fishbo/6" },
    { "predicate": { "custom_model_data": 7 }, "model": "item/fish/fishbo/7" },
    { "predicate": { "custom_model_data": 8 }, "model": "item/fish/fishbo/8" },
    { "predicate": { "custom_model_data": 9 }, "model": "item/fish/fishbo/9" },
    { "predicate": { "custom_model_data": 10 }, "model": "item/fish/fishbo/10" },
    { "predicate": { "custom_model_data": 11 }, "model": "item/fish/fishbo/11" },
    { "predicate": { "custom_model_data": 12 }, "model": "item/fish/fishbo/12" },
    { "predicate": { "custom_model_data": 13 }, "model": "item/fish/fishbo/13" },
    { "predicate": { "custom_model_data": 14 }, "model": "item/fish/fishbo/14" },
    { "predicate": { "custom_model_data": 15 }, "model": "item/fish/fishbo/15" },
    { "predicate": { "custom_model_data": 16 }, "model": "item/fish/fishbo/16" },
    { "predicate": { "custom_model_data": 17 }, "model": "item/fish/fishbo/17" },
    { "predicate": { "custom_model_data": 18 }, "model": "item/fish/fishbo/18" },
    { "predicate": { "custom_model_data": 19 }, "model": "item/fish/fishbo/19" },
    { "predicate": { "custom_model_data": 20 }, "model": "item/fish/fishbo/20" },
    { "predicate": { "custom_model_data": 21 }, "model": "item/fish/fishbo/21" },
    { "predicate": { "custom_model_data": 22 }, "model": "item/fish/fishbo/22" },
    { "predicate": { "custom_model_data": 23 }, "model": "item/fish/fishbo/23" },
    { "predicate": { "custom_model_data": 24 }, "model": "item/fish/fishbo/24" },
    { "predicate": { "custom_model_data": 25 }, "model": "item/fish/fishbo/25" },
    { "predicate": { "custom_model_data": 26 }, "model": "item/fish/fishbo/26" },
    { "predicate": { "custom_model_data": 27 }, "model": "item/fish/fishbo/27" },
    { "predicate": { "custom_model_data": 28 }, "model": "item/fish/fishbo/28" },
    { "predicate": { "custom_model_data": 29 }, "model": "item/fish/fishbo/29" },
    { "predicate": { "custom_model_data": 30 }, "model": "item/fish/fishbo/30" },
    { "predicate": { "custom_model_data": 31 }, "model": "item/fish/fishbo/31" },
    { "predicate": { "custom_model_data": 32 }, "model": "item/fish/fishbo/32" },
    { "predicate": { "custom_model_data": 33 }, "model": "item/fish/fishbo/33" },
    { "predicate": { "custom_model_data": 34 }, "model": "item/fish/fishbo/34" },
    { "predicate": { "custom_model_data": 35 }, "model": "item/fish/fishbo/35" },
    { "predicate": { "custom_model_data": 36 }, "model": "item/fish/fishbo/36" },
    { "predicate": { "custom_model_data": 37 }, "model": "item/fish/fishbo/37" },
    { "predicate": { "custom_model_data": 38 }, "model": "item/fish/fishbo/38" },
    { "predicate": { "custom_model_data": 39 }, "model": "item/fish/fishbo/39" },
    { "predicate": { "custom_model_data": 40 }, "model": "item/fish/fishbo/40" },
    { "predicate": { "custom_model_data": 41 }, "model": "item/fish/fishbo/41" },
    { "predicate": { "custom_model_data": 42 }, "model": "item/fish/fishbo/42" },
    { "predicate": { "custom_model_data": 43 }, "model": "item/fish/fishbo/43" },
    { "predicate": { "custom_model_data": 44 }, "model": "item/fish/fishbo/44" },
    { "predicate": { "custom_model_data": 45 }, "model": "item/fish/fishbo/45" },
    { "predicate": { "custom_model_data": 46 }, "model": "item/fish/fishbo/46" },
    { "predicate": { "custom_model_data": 47 }, "model": "item/fish/fishbo/47" },
    { "predicate": { "custom_model_data": 48 }, "model": "item/fish/fishbo/48" },
    { "predicate": { "custom_model_data": 49 }, "model": "item/fish/fishbo/49" },
    { "predicate": { "custom_model_data": 50 }, "model": "item/fish/fishbo/50" },
    { "predicate": { "custom_model_data": 51 }, "model": "item/fish/fishbo/51" },
    { "predicate": { "custom_model_data": 52 }, "model": "item/fish/fishbo/52" },
    { "predicate": { "custom_model_data": 53 }, "model": "item/fish/fishbo/53" },
    { "predicate": { "custom_model_data": 54 }, "model": "item/fish/fishbo/54" },
    { "predicate": { "custom_model_data": 55 }, "model": "item/fish/fishbo/55" },
    { "predicate": { "custom_model_data": 56 }, "model": "item/fish/fishbo/56" },
    { "predicate": { "custom_model_data": 57 }, "model": "item/fish/fishbo/57" },
    { "predicate": { "custom_model_data": 58 }, "model": "item/fish/fishbo/58" },
    { "predicate": { "custom_model_data": 59 }, "model": "item/fish/fishbo/59" },
    { "predicate": { "custom_model_data": 60 }, "model": "item/fish/fishbo/60" },
    { "predicate": { "custom_model_data": 61 }, "model": "item/fish/fishbo/61" },
    { "predicate": { "custom_model_data": 62 }, "model": "item/fish/fishbo/62" }
  ]
}
