{
  "parent": "item/generated",
  "textures": {
    "layer0": "item/salmon"
  },
  "overrides": [
    { "predicate": { "custom_model_data": 1 }, "model": "item/fish/fishb/1" },
    { "predicate": { "custom_model_data": 2 }, "model": "item/fish/fishb/2" },
    { "predicate": { "custom_model_data": 3 }, "model": "item/fish/fishb/3" },
    { "predicate": { "custom_model_data": 4 }, "model": "item/fish/fishb/4" },
    { "predicate": { "custom_model_data": 5 }, "model": "item/fish/fishb/5" },
    { "predicate": { "custom_model_data": 6 }, "model": "item/fish/fishb/6" },
    { "predicate": { "custom_model_data": 7 }, "model": "item/fish/fishb/7" },
    { "predicate": { "custom_model_data": 8 }, "model": "item/fish/fishb/8" },
    { "predicate": { "custom_model_data": 9 }, "model": "item/fish/fishb/9" },
    { "predicate": { "custom_model_data": 10 }, "model": "item/fish/fishb/10" },
    { "predicate": { "custom_model_data": 11 }, "model": "item/fish/fishb/11" },
    { "predicate": { "custom_model_data": 12 }, "model": "item/fish/fishb/12" },
    { "predicate": { "custom_model_data": 13 }, "model": "item/fish/fishb/13" },
    { "predicate": { "custom_model_data": 14 }, "model": "item/fish/fishb/14" },
    { "predicate": { "custom_model_data": 15 }, "model": "item/fish/fishb/15" },
    { "predicate": { "custom_model_data": 16 }, "model": "item/fish/fishb/16" },
    { "predicate": { "custom_model_data": 17 }, "model": "item/fish/fishb/17" },
    { "predicate": { "custom_model_data": 18 }, "model": "item/fish/fishb/18" },
    { "predicate": { "custom_model_data": 19 }, "model": "item/fish/fishb/19" },
    { "predicate": { "custom_model_data": 20 }, "model": "item/fish/fishb/20" },
    { "predicate": { "custom_model_data": 21 }, "model": "item/fish/fishb/21" },
    { "predicate": { "custom_model_data": 22 }, "model": "item/fish/fishb/22" },
    { "predicate": { "custom_model_data": 23 }, "model": "item/fish/fishb/23" },
    { "predicate": { "custom_model_data": 24 }, "model": "item/fish/fishb/24" },
    { "predicate": { "custom_model_data": 25 }, "model": "item/fish/fishb/25" },
    { "predicate": { "custom_model_data": 26 }, "model": "item/fish/fishb/26" },
    { "predicate": { "custom_model_data": 27 }, "model": "item/fish/fishb/27" },
    { "predicate": { "custom_model_data": 28 }, "model": "item/fish/fishb/28" },
    { "predicate": { "custom_model_data": 29 }, "model": "item/fish/fishb/29" },
    { "predicate": { "custom_model_data": 30 }, "model": "item/fish/fishb/30" },
    { "predicate": { "custom_model_data": 31 }, "model": "item/fish/fishb/31" },
    { "predicate": { "custom_model_data": 32 }, "model": "item/fish/fishb/32" },
    { "predicate": { "custom_model_data": 33 }, "model": "item/fish/fishb/33" },
    { "predicate": { "custom_model_data": 34 }, "model": "item/fish/fishb/34" },
    { "predicate": { "custom_model_data": 35 }, "model": "item/fish/fishb/35" },
    { "predicate": { "custom_model_data": 36 }, "model": "item/fish/fishb/36" },
    { "predicate": { "custom_model_data": 37 }, "model": "item/fish/fishb/37" },
    { "predicate": { "custom_model_data": 38 }, "model": "item/fish/fishb/38" },
    { "predicate": { "custom_model_data": 39 }, "model": "item/fish/fishb/39" },
    { "predicate": { "custom_model_data": 40 }, "model": "item/fish/fishb/40" },
    { "predicate": { "custom_model_data": 41 }, "model": "item/fish/fishb/41" },
    { "predicate": { "custom_model_data": 42 }, "model": "item/fish/fishb/42" },
    { "predicate": { "custom_model_data": 43 }, "model": "item/fish/fishb/43" },
    { "predicate": { "custom_model_data": 44 }, "model": "item/fish/fishb/44" },
    { "predicate": { "custom_model_data": 45 }, "model": "item/fish/fishb/45" },
    { "predicate": { "custom_model_data": 46 }, "model": "item/fish/fishb/46" },
    { "predicate": { "custom_model_data": 47 }, "model": "item/fish/fishb/47" },
    { "predicate": { "custom_model_data": 48 }, "model": "item/fish/fishb/48" },
    { "predicate": { "custom_model_data": 49 }, "model": "item/fish/fishb/49" },
    { "predicate": { "custom_model_data": 50 }, "model": "item/fish/fishb/50" },
    { "predicate": { "custom_model_data": 51 }, "model": "item/fish/fishb/51" },
    { "predicate": { "custom_model_data": 52 }, "model": "item/fish/fishb/52" },
    { "predicate": { "custom_model_data": 53 }, "model": "item/fish/fishb/53" },
    { "predicate": { "custom_model_data": 54 }, "model": "item/fish/fishb/54" },
    { "predicate": { "custom_model_data": 55 }, "model": "item/fish/fishb/55" },
    { "predicate": { "custom_model_data": 56 }, "model": "item/fish/fishb/56" },
    { "predicate": { "custom_model_data": 57 }, "model": "item/fish/fishb/57" },
    { "predicate": { "custom_model_data": 58 }, "model": "item/fish/fishb/58" },
    { "predicate": { "custom_model_data": 59 }, "model": "item/fish/fishb/59" },
    { "predicate": { "custom_model_data": 60 }, "model": "item/fish/fishb/60" },
    { "predicate": { "custom_model_data": 61 }, "model": "item/fish/fishb/61" },
    { "predicate": { "custom_model_data": 62 }, "model": "item/fish/fishb/62" }
  ]
}
