{
  "parent": "item/generated",
  "textures": {
    "layer0": "item/salmon"
  },
  "overrides": [
    { "predicate": { "custom_model_data": 1 }, "model": "item/fish/fishB/1" },
    { "predicate": { "custom_model_data": 2 }, "model": "item/fish/fishB/2" },
    { "predicate": { "custom_model_data": 3 }, "model": "item/fish/fishB/3" },
    { "predicate": { "custom_model_data": 4 }, "model": "item/fish/fishB/4" },
    { "predicate": { "custom_model_data": 5 }, "model": "item/fish/fishB/5" },
    { "predicate": { "custom_model_data": 6 }, "model": "item/fish/fishB/6" },
    { "predicate": { "custom_model_data": 7 }, "model": "item/fish/fishB/7" },
    { "predicate": { "custom_model_data": 8 }, "model": "item/fish/fishB/8" },
    { "predicate": { "custom_model_data": 9 }, "model": "item/fish/fishB/9" },
    { "predicate": { "custom_model_data": 10 }, "model": "item/fish/fishB/10" },
    { "predicate": { "custom_model_data": 11 }, "model": "item/fish/fishB/11" },
    { "predicate": { "custom_model_data": 12 }, "model": "item/fish/fishB/12" },
    { "predicate": { "custom_model_data": 13 }, "model": "item/fish/fishB/13" },
    { "predicate": { "custom_model_data": 14 }, "model": "item/fish/fishB/14" },
    { "predicate": { "custom_model_data": 15 }, "model": "item/fish/fishB/15" },
    { "predicate": { "custom_model_data": 16 }, "model": "item/fish/fishB/16" },
    { "predicate": { "custom_model_data": 17 }, "model": "item/fish/fishB/17" },
    { "predicate": { "custom_model_data": 18 }, "model": "item/fish/fishB/18" },
    { "predicate": { "custom_model_data": 19 }, "model": "item/fish/fishB/19" },
    { "predicate": { "custom_model_data": 20 }, "model": "item/fish/fishB/20" },
    { "predicate": { "custom_model_data": 21 }, "model": "item/fish/fishB/21" },
    { "predicate": { "custom_model_data": 22 }, "model": "item/fish/fishB/22" },
    { "predicate": { "custom_model_data": 23 }, "model": "item/fish/fishB/23" },
    { "predicate": { "custom_model_data": 24 }, "model": "item/fish/fishB/24" },
    { "predicate": { "custom_model_data": 25 }, "model": "item/fish/fishB/25" },
    { "predicate": { "custom_model_data": 26 }, "model": "item/fish/fishB/26" },
    { "predicate": { "custom_model_data": 27 }, "model": "item/fish/fishB/27" },
    { "predicate": { "custom_model_data": 28 }, "model": "item/fish/fishB/28" },
    { "predicate": { "custom_model_data": 29 }, "model": "item/fish/fishB/29" },
    { "predicate": { "custom_model_data": 30 }, "model": "item/fish/fishB/30" },
    { "predicate": { "custom_model_data": 31 }, "model": "item/fish/fishB/31" },
    { "predicate": { "custom_model_data": 32 }, "model": "item/fish/fishB/32" },
    { "predicate": { "custom_model_data": 33 }, "model": "item/fish/fishB/33" },
    { "predicate": { "custom_model_data": 34 }, "model": "item/fish/fishB/34" },
    { "predicate": { "custom_model_data": 35 }, "model": "item/fish/fishB/35" },
    { "predicate": { "custom_model_data": 36 }, "model": "item/fish/fishB/36" },
    { "predicate": { "custom_model_data": 37 }, "model": "item/fish/fishB/37" },
    { "predicate": { "custom_model_data": 38 }, "model": "item/fish/fishB/38" },
    { "predicate": { "custom_model_data": 39 }, "model": "item/fish/fishB/39" },
    { "predicate": { "custom_model_data": 40 }, "model": "item/fish/fishB/40" },
    { "predicate": { "custom_model_data": 41 }, "model": "item/fish/fishB/41" },
    { "predicate": { "custom_model_data": 42 }, "model": "item/fish/fishB/42" },
    { "predicate": { "custom_model_data": 43 }, "model": "item/fish/fishB/43" },
    { "predicate": { "custom_model_data": 44 }, "model": "item/fish/fishB/44" },
    { "predicate": { "custom_model_data": 45 }, "model": "item/fish/fishB/45" },
    { "predicate": { "custom_model_data": 46 }, "model": "item/fish/fishB/46" },
    { "predicate": { "custom_model_data": 47 }, "model": "item/fish/fishB/47" },
    { "predicate": { "custom_model_data": 48 }, "model": "item/fish/fishB/48" },
    { "predicate": { "custom_model_data": 49 }, "model": "item/fish/fishB/49" },
    { "predicate": { "custom_model_data": 50 }, "model": "item/fish/fishB/50" },
    { "predicate": { "custom_model_data": 51 }, "model": "item/fish/fishB/51" },
    { "predicate": { "custom_model_data": 52 }, "model": "item/fish/fishB/52" },
    { "predicate": { "custom_model_data": 53 }, "model": "item/fish/fishB/53" },
    { "predicate": { "custom_model_data": 54 }, "model": "item/fish/fishB/54" },
    { "predicate": { "custom_model_data": 55 }, "model": "item/fish/fishB/55" },
    { "predicate": { "custom_model_data": 56 }, "model": "item/fish/fishB/56" },
    { "predicate": { "custom_model_data": 57 }, "model": "item/fish/fishB/57" },
    { "predicate": { "custom_model_data": 58 }, "model": "item/fish/fishB/58" },
    { "predicate": { "custom_model_data": 59 }, "model": "item/fish/fishB/59" },
    { "predicate": { "custom_model_data": 60 }, "model": "item/fish/fishB/60" },
    { "predicate": { "custom_model_data": 61 }, "model": "item/fish/fishB/61" },
    { "predicate": { "custom_model_data": 62 }, "model": "item/fish/fishB/62" },
    { "predicate": { "custom_model_data": 63 }, "model": "item/fish/fishB/63" }
  ]
}
