{
  "parent": "item/generated",
  "textures": {
    "layer0": "item/paper"
  },
  "overrides": [
    { "predicate": { "custom_model_data": 1 }, "model": "item/fish/gui/01" },
    { "predicate": { "custom_model_data": 2 }, "model": "item/fish/gui/02" },
    { "predicate": { "custom_model_data": 3 }, "model": "item/fish/gui/03" },
    { "predicate": { "custom_model_data": 4 }, "model": "item/fish/gui/04" },
    { "predicate": { "custom_model_data": 5 }, "model": "item/fish/gui/05" },
    { "predicate": { "custom_model_data": 6 }, "model": "item/fish/gui/06" },
    { "predicate": { "custom_model_data": 7 }, "model": "item/fish/gui/01l" },
    { "predicate": { "custom_model_data": 8 }, "model": "item/fish/gui/03r" },
    { "predicate": { "custom_model_data": 9 }, "model": "item/fish/gui/07" },
    { "predicate": { "custom_model_data": 10 }, "model": "item/fish/gui/01x" },
    { "predicate": { "custom_model_data": 11 }, "model": "item/fish/gui/01lx" }
  ]
}
