{
  "model": {
    "type": "minecraft:range_dispatch",
    "property": "minecraft:custom_model_data",
    "index": 0,
    "fallback": {
      "type": "minecraft:model",
      "model": "minecraft:item/paper"
    },
    "entries": [
      {
        "model": {
          "type": "minecraft:model",
          "model": "item/fishing/gui/01"
        },
        "threshold": 1
      },
      {
        "model": {
          "type": "minecraft:model",
          "model": "item/fishing/gui/02"
        },
        "threshold": 2
      },
      {
        "model": {
          "type": "minecraft:model",
          "model": "item/fishing/gui/03"
        },
        "threshold": 3
      },
      {
        "model": {
          "type": "minecraft:model",
          "model": "item/fishing/gui/04"
        },
        "threshold": 4
      },
      {
        "model": {
          "type": "minecraft:model",
          "model": "item/fishing/gui/05"
        },
        "threshold": 5
      },
      {
        "model": {
          "type": "minecraft:model",
          "model": "item/fishing/gui/06"
        },
        "threshold": 6
      },
      {
        "model": {
          "type": "minecraft:model",
          "model": "item/fishing/gui/01l"
        },
        "threshold" 7 
      },
      {
        "model": {
          "type": "minecraft:model",
          "model": "item/fishing/gui/03r"
        },
        "threshold": 8
      },
      {
        "model": {
          "type": "minecraft:model",
          "model": "item/fishing/gui/07"
        },
        "threshold": 9
      },
      {
        "model": {
          "type": "minecraft:model",
          "model": "item/fishing/gui/01x"
        },
        "threshold": 10
      },
      {
        "model": {
          "type": "minecraft:model",
          "model": "item/fishing/gui/01lx"
        },
        "threshold": 11
      }
    ]
  }
}