{
  "model": {
    "type": "minecraft:range_dispatch",
    "property": "minecraft:custom_model_data",
    "index": 0,
    "fallback": {
      "type": "minecraft:model",
      "model": "minecraft:item/salmon"
    },
    "entries": [
      {
        "model": {
          "type": "minecraft:model",
          "model": "item/fishing/fishb/1"
        },
        "threshold": 1
      },
      {
        "model": {
          "type": "minecraft:model",
          "model": "item/fishing/fishb/2"
        },
        "threshold": 2
      },
      {
        "model": {
          "type": "minecraft:model",
          "model": "item/fishing/fishb/3"
        },
        "threshold": 3
      },
      {
        "model": {
          "type": "minecraft:model",
          "model": "item/fishing/fishb/4"
        },
        "threshold": 4
      },
      {
        "model": {
          "type": "minecraft:model",
          "model": "item/fishing/fishb/5"
        },
        "threshold": 5
      },
      {
        "model": {
          "type": "minecraft:model",
          "model": "item/fishing/fishb/6"
        },
        "threshold": 6
      },
      {
        "model": {
          "type": "minecraft:model",
          "model": "item/fishing/fishb/7"
        },
        "threshold": 7
      },
      {
        "model": {
          "type": "minecraft:model",
          "model": "item/fishing/fishb/8"
        },
        "threshold": 8
      },
      {
        "model": {
          "type": "minecraft:model",
          "model": "item/fishing/fishb/9"
        },
        "threshold": 9
      },
      {
        "model": {
          "type": "minecraft:model",
          "model": "item/fishing/fishb/10"
        },
        "threshold": 10
      },
      {
        "model": {
          "type": "minecraft:model",
          "model": "item/fishing/fishb/11"
        },
        "threshold": 11
      },
      {
        "model": {
          "type": "minecraft:model",
          "model": "item/fishing/fishb/12"
        },
        "threshold": 12
      },
      {
        "model": {
          "type": "minecraft:model",
          "model": "item/fishing/fishb/13"
        },
        "threshold": 13
      },
      {
        "model": {
          "type": "minecraft:model",
          "model": "item/fishing/fishb/14"
        },
        "threshold": 14
      },
      {
        "model": {
          "type": "minecraft:model",
          "model": "item/fishing/fishb/15"
        },
        "threshold": 15
      },
      {
        "model": {
          "type": "minecraft:model",
          "model": "item/fishing/fishb/16"
        },
        "threshold": 16
      },
      {
        "model": {
          "type": "minecraft:model",
          "model": "item/fishing/fishb/17"
        },
        "threshold": 17
      },
      {
        "model": {
          "type": "minecraft:model",
          "model": "item/fishing/fishb/18"
        },
        "threshold": 18
      },
      {
        "model": {
          "type": "minecraft:model",
          "model": "item/fishing/fishb/19"
        },
        "threshold": 19
      },
      {
        "model": {
          "type": "minecraft:model",
          "model": "item/fishing/fishb/20"
        },
        "threshold": 20
      },
      {
        "model": {
          "type": "minecraft:model",
          "model": "item/fishing/fishb/21"
        },
        "threshold": 21
      },
      {
        "model": {
          "type": "minecraft:model",
          "model": "item/fishing/fishb/22"
        },
        "threshold": 22
      },
      {
        "model": {
          "type": "minecraft:model",
          "model": "item/fishing/fishb/23"
        },
        "threshold": 23
      },
      {
        "model": {
          "type": "minecraft:model",
          "model": "item/fishing/fishb/24"
        },
        "threshold": 24
      },
      {
        "model": {
          "type": "minecraft:model",
          "model": "item/fishing/fishb/25"
        },
        "threshold": 25
      },
      {
        "model": {
          "type": "minecraft:model",
          "model": "item/fishing/fishb/26"
        },
        "threshold": 26
      },
      {
        "model": {
          "type": "minecraft:model",
          "model": "item/fishing/fishb/27"
        },
        "threshold": 27
      },
      {
        "model": {
          "type": "minecraft:model",
          "model": "item/fishing/fishb/28"
        },
        "threshold": 28
      },
      {
        "model": {
          "type": "minecraft:model",
          "model": "item/fishing/fishb/29"
        },
        "threshold": 29
      },
      {
        "model": {
          "type": "minecraft:model",
          "model": "item/fishing/fishb/30"
        },
        "threshold": 30
      },
      {
        "model": {
          "type": "minecraft:model",
          "model": "item/fishing/fishb/31"
        },
        "threshold": 31
      },
      {
        "model": {
          "type": "minecraft:model",
          "model": "item/fishing/fishb/32"
        },
        "threshold": 32
      },
      {
        "model": {
          "type": "minecraft:model",
          "model": "item/fishing/fishb/33"
        },
        "threshold": 33
      },
      {
        "model": {
          "type": "minecraft:model",
          "model": "item/fishing/fishb/34"
        },
        "threshold": 34
      },
      {
        "model": {
          "type": "minecraft:model",
          "model": "item/fishing/fishb/35"
        },
        "threshold": 35
      },
      {
        "model": {
          "type": "minecraft:model",
          "model": "item/fishing/fishb/36"
        },
        "threshold": 36
      },
      {
        "model": {
          "type": "minecraft:model",
          "model": "item/fishing/fishb/37"
        },
        "threshold": 37
      },
      {
        "model": {
          "type": "minecraft:model",
          "model": "item/fishing/fishb/38"
        },
        "threshold": 38
      },
      {
        "model": {
          "type": "minecraft:model",
          "model": "item/fishing/fishb/39"
        },
        "threshold": 39
      },
      {
        "model": {
          "type": "minecraft:model",
          "model": "item/fishing/fishb/40"
        },
        "threshold": 40
      },
      {
        "model": {
          "type": "minecraft:model",
          "model": "item/fishing/fishb/41"
        },
        "threshold": 41
      },
      {
        "model": {
          "type": "minecraft:model",
          "model": "item/fishing/fishb/42"
        },
        "threshold": 42
      },
      {
        "model": {
          "type": "minecraft:model",
          "model": "item/fishing/fishb/43"
        },
        "threshold": 43
      },
      {
        "model": {
          "type": "minecraft:model",
          "model": "item/fishing/fishb/44"
        },
        "threshold": 44
      },
      {
        "model": {
          "type": "minecraft:model",
          "model": "item/fishing/fishb/45"
        },
        "threshold": 45
      },
      {
        "model": {
          "type": "minecraft:model",
          "model": "item/fishing/fishb/46"
        },
        "threshold": 46
      },
      {
        "model": {
          "type": "minecraft:model",
          "model": "item/fishing/fishb/47"
        },
        "threshold": 47
      },
      {
        "model": {
          "type": "minecraft:model",
          "model": "item/fishing/fishb/48"
        },
        "threshold": 48
      },
      {
        "model": {
          "type": "minecraft:model",
          "model": "item/fishing/fishb/49"
        },
        "threshold": 49
      },
      {
        "model": {
          "type": "minecraft:model",
          "model": "item/fishing/fishb/50"
        },
        "threshold": 50
      },
      {
        "model": {
          "type": "minecraft:model",
          "model": "item/fishing/fishb/51"
        },
        "threshold": 51
      },
      {
        "model": {
          "type": "minecraft:model",
          "model": "item/fishing/fishb/52"
        },
        "threshold": 52
      },
      {
        "model": {
          "type": "minecraft:model",
          "model": "item/fishing/fishb/53"
        },
        "threshold": 53
      },
      {
        "model": {
          "type": "minecraft:model",
          "model": "item/fishing/fishb/54"
        },
        "threshold": 54
      },
      {
        "model": {
          "type": "minecraft:model",
          "model": "item/fishing/fishb/55"
        },
        "threshold": 55
      },
      {
        "model": {
          "type": "minecraft:model",
          "model": "item/fishing/fishb/56"
        },
        "threshold": 56
      },
      {
        "model": {
          "type": "minecraft:model",
          "model": "item/fishing/fishb/57"
        },
        "threshold": 57
      },
      {
        "model": {
          "type": "minecraft:model",
          "model": "item/fishing/fishb/58"
        },
        "threshold": 58
      },
      {
        "model": {
          "type": "minecraft:model",
          "model": "item/fishing/fishb/59"
        },
        "threshold": 59
      },
      {
        "model": {
          "type": "minecraft:model",
          "model": "item/fishing/fishb/60"
        },
        "threshold": 60
      },
      {
        "model": {
          "type": "minecraft:model",
          "model": "item/fishing/fishb/61"
        },
        "threshold": 61
      },
      {
        "model": {
          "type": "minecraft:model",
          "model": "item/fishing/fishb/62"
        },
        "threshold": 62
      }
    ]
  }
}